年月日,最高気温(℃),最低気温(℃)
2014/1/1,13.1,1.5
2014/1/2,10.2,-0.8
2014/1/3,11.9,-3.0
2014/1/4,9.4,-0.9
2014/1/5,6.7,-3.3
2014/1/6,9.5,-3.3
2014/1/7,10.6,-5.3
2014/1/8,6.8,3.5
2014/1/9,9.7,1.1
2014/1/10,6.2,-2.0
2014/1/11,9.1,-3.4
2014/1/12,8.5,-4.5
2014/1/13,5.7,-2.6
2014/1/14,7.3,-4.3
2014/1/15,9.8,-2.5
2014/1/16,9.4,-3.7
2014/1/17,8.8,-2.0
2014/1/18,7.6,-3.6
2014/1/19,5.9,-1.0
2014/1/20,9.6,-4.6
2014/1/21,9.5,-0.6
2014/1/22,6.6,-2.7
2014/1/23,9.2,-2.7
2014/1/24,12.6,-4.6
2014/1/25,15.0,-1.3
2014/1/26,9.9,1.3
2014/1/27,7.8,-2.0
2014/1/28,11.9,-3.7
2014/1/29,12.9,-0.7
2014/1/30,9.9,0.5
2014/1/31,13.4,1.0
2014/2/1,15.8,-1.8
2014/2/2,15.8,6.0
2014/2/3,15.9,7.0
2014/2/4,8.7,-0.4
2014/2/5,5.4,-0.8
2014/2/6,3.8,-1.7
2014/2/7,7.9,-2.7
2014/2/8,4.3,0.3
2014/2/9,8.8,0.2
2014/2/10,6.3,-1.7
2014/2/11,6.4,-3.4
2014/2/12,9.1,-3.3
2014/2/13,6.8,0.6
2014/2/14,2.4,0.3
2014/2/15,7.0,0.3
2014/2/16,9.7,-0.7
2014/2/17,11.1,-3.1
2014/2/18,6.6,1.9
2014/2/19,7.0,-0.5
2014/2/20,9.3,-2.6
2014/2/21,7.6,-3.6
2014/2/22,9.2,-2.3
2014/2/23,10.0,-2.5
2014/2/24,11.8,-3.8
2014/2/25,14.2,-1.4
2014/2/26,15.3,-2.7
2014/2/27,13.8,9.1
2014/2/28,15.6,8.1
2014/3/1,11.7,5.9
2014/3/2,11.9,3.8
2014/3/3,9.5,-1.0
2014/3/4,14.3,-3.9
2014/3/5,10.4,3.3
2014/3/6,6.0,0.2
2014/3/7,8.1,-3.0
2014/3/8,9.2,-0.6
2014/3/9,10.5,-0.1
2014/3/10,6.9,0.5
2014/3/11,11.0,-2.7
2014/3/12,17.4,-1.4
2014/3/13,11.7,6.7
2014/3/14,9.6,1.8
2014/3/15,10.9,-1.1
2014/3/16,16.9,-1.5
2014/3/17,20.0,2.0
2014/3/18,17.3,4.6
2014/3/19,16.7,2.9
2014/3/20,11.3,6.8
2014/3/21,9.0,3.4
2014/3/22,12.0,2.0
2014/3/23,16.8,-0.8
2014/3/24,19.9,2.2
2014/3/25,19.3,6.8
2014/3/26,13.5,11.1
2014/3/27,15.6,5.6
2014/3/28,22.7,2.5
2014/3/29,22.4,7.3
2014/3/30,16.8,12.1
2014/3/31,17.9,7.0
2014/4/1,20.1,3.1
2014/4/2,21.4,7.1
2014/4/3,22.4,8.1
2014/4/4,16.4,5.8
2014/4/5,13.2,2.4
2014/4/6,11.0,2.6
2014/4/7,16.1,0.1
2014/4/8,21.7,1.6
2014/4/9,23.7,4.8
2014/4/10,23.0,7.1
2014/4/11,18.3,1.6
2014/4/12,20.2,0.2
2014/4/13,16.4,4.1
2014/4/14,21.6,4.5
2014/4/15,21.8,1.2
2014/4/16,23.1,5.7
2014/4/17,25.8,7.1
2014/4/18,18.7,12.6
2014/4/19,19.4,5.1
2014/4/20,16.5,3.9
2014/4/21,18.5,11.7
2014/4/22,18.9,8.9
2014/4/23,22.6,5.2
2014/4/24,24.1,3.1
2014/4/25,25.3,6.4
2014/4/26,26.4,8.6
2014/4/27,25.7,7.9
2014/4/28,21.1,11.7
2014/4/29,17.8,14.1
2014/4/30,23.2,13.0
2014/5/1,24.9,12.9
2014/5/2,26.3,11.7
2014/5/3,26.0,9.3
2014/5/4,26.4,5.4
2014/5/5,19.1,12.1
2014/5/6,21.7,7.3
2014/5/7,24.4,5.6
2014/5/8,25.5,8.4
2014/5/9,24.7,11.9
2014/5/10,23.8,9.4
2014/5/11,28.6,6.8
2014/5/12,23.0,12.2
2014/5/13,27.0,14.2
2014/5/14,27.4,12.1
2014/5/15,19.9,13.1
2014/5/16,25.3,12.4
2014/5/17,25.7,9.6
2014/5/18,27.9,9.1
2014/5/19,28.7,10.8
2014/5/20,27.1,15.6
2014/5/21,22.2,13.5
2014/5/22,24.1,12.7
2014/5/23,23.7,12.6
2014/5/24,27.5,10.4
2014/5/25,28.6,16.2
2014/5/26,23.2,15.7
2014/5/27,25.6,15.3
2014/5/28,30.5,12.8
2014/5/29,31.1,14.7
2014/5/30,31.3,17.1
2014/5/31,33.1,19.8
2014/6/1,35.1,17.2
2014/6/2,34.1,17.4
2014/6/3,31.3,18.8
2014/6/4,26.2,18.4
2014/6/5,23.3,18.2
2014/6/6,27.5,19.5
2014/6/7,25.3,18.8
2014/6/8,31.1,18.7
2014/6/9,30.6,21.3
2014/6/10,29.7,21.5
2014/6/11,25.1,20.7
2014/6/12,26.9,19.6
2014/6/13,26.2,17.3
2014/6/14,28.3,15.6
2014/6/15,30.3,18.2
2014/6/16,30.7,17.7
2014/6/17,28.3,18.8
2014/6/18,22.9,18.7
2014/6/19,31.2,17.2
2014/6/20,31.4,18.4
2014/6/21,29.0,21.1
2014/6/22,26.6,19.9
2014/6/23,29.3,18.8
2014/6/24,31.3,18.8
2014/6/25,32.5,18.1
2014/6/26,30.0,20.2
2014/6/27,27.0,21.4
2014/6/28,25.6,20.3
2014/6/29,28.6,20.9
2014/6/30,29.5,20.0
2014/7/1,32.3,19.0
2014/7/2,32.0,19.0
2014/7/3,24.0,20.2
2014/7/4,31.6,20.6
2014/7/5,27.5,21.7
2014/7/6,28.7,21.6
2014/7/7,27.0,21.7
2014/7/8,33.6,23.5
2014/7/9,32.3,23.9
2014/7/10,27.9,24.1
2014/7/11,33.5,24.3
2014/7/12,34.0,22.3
2014/7/13,27.7,22.5
2014/7/14,30.5,24.0
2014/7/15,34.0,23.2
2014/7/16,34.4,23.0
2014/7/17,35.1,23.8
2014/7/18,33.6,24.1
2014/7/19,34.0,22.2
2014/7/20,32.4,22.2
2014/7/21,33.7,20.9
2014/7/22,33.9,22.7
2014/7/23,34.3,23.6
2014/7/24,34.2,25.1
2014/7/25,37.9,25.1
2014/7/26,37.9,24.9
2014/7/27,31.9,22.6
2014/7/28,32.5,19.6
2014/7/29,33.8,20.2
2014/7/30,34.5,23.4
2014/7/31,37.1,23.3
2014/8/1,34.3,24.9
2014/8/2,28.7,24.9
2014/8/3,31.7,23.8
2014/8/4,32.6,24.5
2014/8/5,36.2,25.4
2014/8/6,33.9,25.4
2014/8/7,34.6,24.2
2014/8/8,32.4,21.6
2014/8/9,27.6,21.4
2014/8/10,28.4,25.4
2014/8/11,32.4,24.5
2014/8/12,29.7,23.0
2014/8/13,32.4,22.5
2014/8/14,33.6,24.9
2014/8/15,33.9,26.1
2014/8/16,31.4,25.4
2014/8/17,33.2,25.0
2014/8/18,34.3,23.9
2014/8/19,34.9,24.6
2014/8/20,35.0,23.8
2014/8/21,34.8,24.9
2014/8/22,33.9,23.4
2014/8/23,33.8,23.3
2014/8/24,29.2,23.0
2014/8/25,32.5,23.0
2014/8/26,32.3,23.5
2014/8/27,32.2,22.2
2014/8/28,26.6,20.4
2014/8/29,29.7,19.8
2014/8/30,31.6,18.8
2014/8/31,30.1,20.4
2014/9/1,24.9,20.4
2014/9/2,31.9,20.1
2014/9/3,28.8,22.4
2014/9/4,27.8,23.4
2014/9/5,31.1,23.6
2014/9/6,33.2,20.4
2014/9/7,31.3,18.1
2014/9/8,29.6,18.3
2014/9/9,31.2,17.3
2014/9/10,31.4,17.9
2014/9/11,28.2,16.9
2014/9/12,27.9,15.0
2014/9/13,28.2,15.5
2014/9/14,30.0,15.5
2014/9/15,29.6,15.9
2014/9/16,31.2,17.4
2014/9/17,27.0,15.8
2014/9/18,25.0,14.2
2014/9/19,22.6,14.3
2014/9/20,22.8,14.3
2014/9/21,28.3,12.8
2014/9/22,29.1,14.9
2014/9/23,29.7,12.3
2014/9/24,26.0,19.3
2014/9/25,29.7,19.2
2014/9/26,28.3,15.9
2014/9/27,28.2,15.6
2014/9/28,28.3,14.6
2014/9/29,28.2,15.8
2014/9/30,28.5,15.5
2014/10/1,29.0,17.7
2014/10/2,28.6,16.7
2014/10/3,28.5,19.6
2014/10/4,23.7,16.4
2014/10/5,23.3,18.1
2014/10/6,23.6,15.3
2014/10/7,24.5,11.5
2014/10/8,25.9,10.4
2014/10/9,24.7,14.3
2014/10/10,26.6,14.9
2014/10/11,25.5,15.0
2014/10/12,25.1,16.0
2014/10/13,22.9,17.4
2014/10/14,20.5,11.8
2014/10/15,21.2,10.1
2014/10/16,23.0,9.3
2014/10/17,21.3,8.8
2014/10/18,22.1,6.1
2014/10/19,25.3,6.3
2014/10/20,21.9,17.2
2014/10/21,26.4,17.1
2014/10/22,19.4,15.7
2014/10/23,21.7,10.2
2014/10/24,22.9,7.7
2014/10/25,23.4,7.2
2014/10/26,26.4,11.2
2014/10/27,22.8,11.6
2014/10/28,18.7,6.8
2014/10/29,19.9,4.3
2014/10/30,23.5,8.2
2014/10/31,22.2,13.2
2014/11/1,19.3,16.3
2014/11/2,22.7,15.3
2014/11/3,18.0,8.1
2014/11/4,18.7,5.4
2014/11/5,20.6,5.3
2014/11/6,22.8,14.2
2014/11/7,20.0,6.6
2014/11/8,17.9,5.6
2014/11/9,15.0,11.1
2014/11/10,20.2,7.2
2014/11/11,20.3,5.8
2014/11/12,19.3,12.2
2014/11/13,14.6,4.5
2014/11/14,15.0,1.7
2014/11/15,16.3,2.3
2014/11/16,16.3,3.2
2014/11/17,16.2,2.8
2014/11/18,15.0,5.4
2014/11/19,14.5,2.7
2014/11/20,14.9,2.8
2014/11/21,18.0,0.2
2014/11/22,20.5,4.2
2014/11/23,19.5,4.1
2014/11/24,20.0,2.6
2014/11/25,14.5,10.1
2014/11/26,14.8,8.1
2014/11/27,17.4,4.8
2014/11/28,20.0,3.2
2014/11/29,18.8,10.5
2014/11/30,20.3,7.4
2014/12/1,16.5,9.3
2014/12/2,9.3,1.0
2014/12/3,10.5,-1.1
2014/12/4,8.4,3.0
2014/12/5,8.9,-0.9
2014/12/6,8.4,-1.5
2014/12/7,9.9,0.3
2014/12/8,11.4,-2.3
2014/12/9,12.8,-1.1
2014/12/10,11.9,-0.3
2014/12/11,10.1,5.4
2014/12/12,10.4,2.2
2014/12/13,9.0,-2.0
2014/12/14,7.6,-1.8
2014/12/15,8.2,-1.4
2014/12/16,7.2,2.5
2014/12/17,3.7,-0.6
2014/12/18,4.8,-2.4
2014/12/19,7.8,-2.4
2014/12/20,8.9,1.5
2014/12/21,9.8,2.0
2014/12/22,6.8,-2.4
2014/12/23,11.3,0.5
2014/12/24,11.5,-1.8
2014/12/25,8.9,2.3
2014/12/26,8.4,2.8
2014/12/27,9.0,-1.7
2014/12/28,7.3,-4.3
2014/12/29,10.4,3.5
2014/12/30,11.8,0.7
2014/12/31,13.3,-1.6
2015/1/1,4.7,-2.4
2015/1/2,5.4,-4.8
2015/1/3,7.6,-3.3
2015/1/4,10.7,-2.6
2015/1/5,11.6,0.1
2015/1/6,11.4,2.8
2015/1/7,8.2,2.8
2015/1/8,7.5,2.8
2015/1/9,8.1,1.9
2015/1/10,9.4,2.1
2015/1/11,9.8,0.4
2015/1/12,6.9,0.3
2015/1/13,8.8,-2.6
2015/1/14,8.3,-3.6
2015/1/15,8.4,4.5
2015/1/16,9.9,2.0
2015/1/17,8.7,2.4
2015/1/18,8.8,-0.4
2015/1/19,11.2,-0.4
2015/1/20,9.0,-1.1
2015/1/21,10.4,-2.8
2015/1/22,9.7,6.1
2015/1/23,8.6,2.9
2015/1/24,11.1,-0.8
2015/1/25,11.4,-1.4
2015/1/26,10.8,1.1
2015/1/27,12.8,4.4
2015/1/28,6.8,-0.5
2015/1/29,5.8,-1.0
2015/1/30,6.3,2.6
2015/1/31,6.1,0.6
2015/2/1,7.1,-0.5
2015/2/2,6.4,0.2
2015/2/3,6.9,2.5
2015/2/4,10.0,2.7
2015/2/5,10.4,2.2
2015/2/6,9.0,-1.2
2015/2/7,10.9,-3.7
2015/2/8,10.9,-0.2
2015/2/9,5.0,-1.4
2015/2/10,8.7,-0.9
2015/2/11,12.4,0.7
2015/2/12,11.8,-1.7
2015/2/13,5.7,0.3
2015/2/14,9.2,-1.8
2015/2/15,10.7,-1.3
2015/2/16,12.5,-3.1
2015/2/17,9.2,4.1
2015/2/18,9.7,1.7
2015/2/19,9.9,1.9
2015/2/20,10.1,-1.9
2015/2/21,15.1,-3.7
2015/2/22,15.8,7.0
2015/2/23,14.8,8.7
2015/2/24,13.2,2.0
2015/2/25,13.5,1.1
2015/2/26,10.1,6.0
2015/2/27,8.8,2.4
2015/2/28,10.9,1.8
2015/3/1,9.7,4.5
2015/3/2,11.5,0.6
2015/3/3,10.2,-1.4
2015/3/4,13.8,4.7
2015/3/5,9.2,3.5
2015/3/6,11.9,0.0
2015/3/7,10.6,5.7
2015/3/8,13.0,4.9
2015/3/9,12.1,4.3
2015/3/10,7.7,-0.3
2015/3/11,7.6,-1.8
2015/3/12,11.7,-0.4
2015/3/13,13.7,-2.2
2015/3/14,10.5,0.8
2015/3/15,10.8,1.1
2015/3/16,18.1,6.5
2015/3/17,21.8,4.4
2015/3/18,22.5,7.0
2015/3/19,17.1,11.1
2015/3/20,18.6,6.7
2015/3/21,20.3,4.2
2015/3/22,21.2,5.6
2015/3/23,11.6,2.1
2015/3/24,10.7,0.1
2015/3/25,11.6,0.6
2015/3/26,15.4,-1.4
2015/3/27,18.4,-0.4
2015/3/28,21.4,4.7
2015/3/29,14.5,6.6
2015/3/30,20.9,5.3
2015/3/31,24.1,5.2
2015/4/1,17.5,12.3
2015/4/2,21.6,5.6
2015/4/3,19.6,13.4
2015/4/4,24.3,13.5
2015/4/5,17.1,14.1
2015/4/6,16.9,10.0
2015/4/7,10.8,8.4
2015/4/8,11.7,3.3
2015/4/9,17.2,2.7
2015/4/10,12.0,9.7
2015/4/11,18.3,5.8
2015/4/12,20.3,3.8
2015/4/13,15.6,11.6
2015/4/14,17.3,12.6
2015/4/15,16.3,7.1
2015/4/16,21.7,7.2
2015/4/17,20.9,5.6
2015/4/18,23.3,3.9
2015/4/19,20.3,11.4
2015/4/20,20.4,13.2
2015/4/21,17.8,6.6
2015/4/22,24.9,5.9
2015/4/23,24.9,8.5
2015/4/24,24.9,8.0
2015/4/25,24.6,8.5
2015/4/26,25.7,5.7
2015/4/27,27.6,10.3
2015/4/28,26.2,13.0
2015/4/29,25.4,12.9
2015/4/30,28.3,10.2
2015/5/1,29.5,12.1
2015/5/2,31.6,13.0
2015/5/3,25.5,11.8
2015/5/4,22.7,16.2
2015/5/5,25.2,10.4
2015/5/6,25.9,9.9
2015/5/7,26.9,16.7
2015/5/8,28.0,13.2
2015/5/9,20.8,12.7
2015/5/10,25.3,10.5
2015/5/11,26.8,6.6
2015/5/12,23.8,14.6
2015/5/13,25.7,11.5
2015/5/14,27.9,11.8
2015/5/15,30.1,16.2
2015/5/16,22.4,15.4
2015/5/17,27.4,11.4
2015/5/18,27.6,11.4
2015/5/19,24.9,15.4
2015/5/20,30.2,12.6
2015/5/21,24.6,12.1
2015/5/22,27.5,10.9
2015/5/23,25.5,14.3
2015/5/24,28.3,15.9
2015/5/25,29.7,13.9
2015/5/26,31.8,15.9
2015/5/27,33.2,13.3
2015/5/28,29.9,15.6
2015/5/29,30.8,19.3
2015/5/30,32.6,17.5
2015/5/31,28.2,16.7
2015/6/1,31.9,14.1
2015/6/2,30.8,18.3
2015/6/3,24.3,15.6
2015/6/4,26.0,13.2
2015/6/5,18.6,12.7
2015/6/6,24.3,14.2
2015/6/7,25.9,12.9
2015/6/8,23.9,17.9
2015/6/9,24.0,17.5
2015/6/10,30.0,15.9
2015/6/11,24.5,18.5
2015/6/12,30.4,19.4
2015/6/13,32.3,17.7
2015/6/14,27.4,20.3
2015/6/15,30.6,21.1
2015/6/16,26.4,19.5
2015/6/17,31.3,18.7
2015/6/18,23.2,19.0
2015/6/19,22.1,18.1
2015/6/20,28.7,18.2
2015/6/21,29.0,19.5
2015/6/22,27.5,18.4
2015/6/23,30.2,19.8
2015/6/24,31.5,19.3
2015/6/25,30.2,20.8
2015/6/26,23.7,21.5
2015/6/27,25.3,20.3
2015/6/28,25.7,18.5
2015/6/29,29.5,17.6
2015/6/30,27.6,19.1
2015/7/1,27.5,19.4
2015/7/2,30.3,21.4
2015/7/3,29.5,20.7
2015/7/4,24.5,20.2
2015/7/5,25.1,19.9
2015/7/6,23.6,20.5
2015/7/7,24.2,20.7
2015/7/8,28.0,21.5
2015/7/9,30.6,23.4
2015/7/10,33.6,23.6
2015/7/11,33.5,24.5
2015/7/12,34.5,23.6
2015/7/13,35.9,25.7
2015/7/14,36.1,23.4
2015/7/15,33.8,23.1
2015/7/16,29.8,24.0
2015/7/17,27.6,23.3
2015/7/18,30.6,22.5
2015/7/19,33.6,22.6
2015/7/20,35.0,22.9
2015/7/21,33.1,22.3
2015/7/22,29.2,24.2
2015/7/23,26.8,23.9
2015/7/24,33.7,22.9
2015/7/25,33.6,22.8
2015/7/26,36.4,22.9
2015/7/27,35.0,23.3
2015/7/28,34.2,24.6
2015/7/29,35.4,25.3
2015/7/30,34.2,24.7
2015/7/31,36.9,24.2
2015/8/1,37.9,24.4
2015/8/2,38.2,25.1
2015/8/3,37.4,24.9
2015/8/4,37.0,25.0
2015/8/5,36.5,24.9
2015/8/6,34.4,25.4
2015/8/7,37.9,25.0
2015/8/8,37.4,24.2
2015/8/9,36.7,24.5
2015/8/10,36.3,23.4
2015/8/11,34.9,22.9
2015/8/12,34.2,22.5
2015/8/13,30.7,23.2
2015/8/14,33.4,23.5
2015/8/15,34.5,21.7
2015/8/16,32.3,21.9
2015/8/17,32.0,22.9
2015/8/18,33.7,21.9
2015/8/19,27.9,23.6
2015/8/20,29.5,23.8
2015/8/21,31.3,23.0
2015/8/22,32.0,23.7
2015/8/23,32.5,21.6
2015/8/24,32.3,20.2
2015/8/25,26.9,23.4
2015/8/26,32.2,23.0
2015/8/27,32.6,22.5
2015/8/28,33.2,21.2
2015/8/29,30.4,23.2
2015/8/30,27.8,22.9
2015/8/31,26.5,22.7
2015/9/1,31.1,22.6
2015/9/2,30.6,22.8
2015/9/3,25.5,22.2
2015/9/4,30.6,20.7
2015/9/5,29.8,18.4
2015/9/6,23.9,21.5
2015/9/7,25.6,21.2
2015/9/8,23.3,20.9
2015/9/9,26.6,20.1
2015/9/10,28.0,18.8
2015/9/11,28.2,16.7
2015/9/12,29.8,15.3
2015/9/13,29.2,18.3
2015/9/14,28.3,14.7
2015/9/15,29.6,15.6
2015/9/16,25.0,19.9
2015/9/17,21.9,19.2
2015/9/18,27.9,16.8
2015/9/19,26.8,16.2
2015/9/20,28.0,15.0
2015/9/21,28.3,16.1
2015/9/22,29.9,14.8
2015/9/23,28.9,16.9
2015/9/24,23.2,20.1
2015/9/25,27.3,19.5
2015/9/26,29.0,20.1
2015/9/27,28.2,16.5
2015/9/28,28.8,14.2
2015/9/29,27.6,13.9
2015/9/30,25.7,12.0
2015/10/1,25.8,14.0
2015/10/2,26.7,13.3
2015/10/3,25.9,12.2
2015/10/4,27.1,11.6
2015/10/5,22.1,10.5
2015/10/6,25.8,11.9
2015/10/7,25.0,10.5
2015/10/8,24.2,10.4
2015/10/9,24.6,11.8
2015/10/10,22.5,11.4
2015/10/11,22.5,12.7
2015/10/12,22.8,9.7
2015/10/13,23.8,10.8
2015/10/14,23.5,9.0
2015/10/15,24.1,8.1
2015/10/16,25.5,7.6
2015/10/17,24.8,11.0
2015/10/18,27.6,11.1
2015/10/19,26.1,9.7
2015/10/20,26.0,11.3
2015/10/21,26.4,12.3
2015/10/22,23.1,11.2
2015/10/23,24.5,9.3
2015/10/24,25.6,10.3
2015/10/25,19.8,7.0
2015/10/26,20.8,4.4
2015/10/27,26.4,7.8
2015/10/28,22.9,9.5
2015/10/29,20.8,6.8
2015/10/30,21.5,7.7
2015/10/31,18.1,5.7
2015/11/1,17.2,3.1
2015/11/2,14.7,9.8
2015/11/3,19.3,8.1
2015/11/4,22.9,5.0
2015/11/5,24.5,8.5
2015/11/6,24.9,10.6
2015/11/7,22.1,14.9
2015/11/8,18.8,16.0
2015/11/9,19.9,16.1
2015/11/10,21.3,10.0
2015/11/11,19.6,6.9
2015/11/12,19.5,6.1
2015/11/13,18.4,7.8
2015/11/14,19.1,16.0
2015/11/15,20.7,14.3
2015/11/16,21.6,9.9
2015/11/17,20.0,14.0
2015/11/18,18.7,15.1
2015/11/19,17.7,11.1
2015/11/20,19.9,10.1
2015/11/21,19.2,8.9
2015/11/22,19.0,8.3
2015/11/23,18.8,9.9
2015/11/24,18.1,10.9
2015/11/25,12.3,5.7
2015/11/26,12.9,4.9
2015/11/27,12.2,4.0
2015/11/28,15.1,2.3
2015/11/29,13.9,1.5
2015/11/30,16.8,1.9
2015/12/1,15.1,2.6
2015/12/2,18.6,0.5
2015/12/3,14.3,6.2
2015/12/4,11.0,5.5
2015/12/5,13.9,2.4
2015/12/6,12.6,4.8
2015/12/7,15.1,2.1
2015/12/8,15.4,0.3
2015/12/9,15.2,0.2
2015/12/10,17.4,4.6
2015/12/11,19.4,11.8
2015/12/12,14.8,5.2
2015/12/13,17.1,4.7
2015/12/14,16.2,4.5
2015/12/15,17.9,8.4
2015/12/16,16.7,6.3
2015/12/17,11.1,4.5
2015/12/18,9.1,1.2
2015/12/19,11.2,0.1
2015/12/20,11.3,-2.3
2015/12/21,9.5,6.5
2015/12/22,15.1,2.3
2015/12/23,9.5,1.4
2015/12/24,16.2,7.7
2015/12/25,13.3,3.7
2015/12/26,12.2,2.8
2015/12/27,10.2,2.8
2015/12/28,8.8,-0.9
2015/12/29,10.2,-0.9
2015/12/30,11.0,-2.9
2015/12/31,12.1,-1.1
2016/1/1,11.0,-1.0
2016/1/2,13.2,-1.6
2016/1/3,16.6,2.3
2016/1/4,16.2,1.3
2016/1/5,12.3,1.2
2016/1/6,13.3,3.2
2016/1/7,11.5,3.2
2016/1/8,10.5,0.1
2016/1/9,11.3,-1.3
2016/1/10,11.6,-1.2
2016/1/11,12.6,0.6
2016/1/12,10.2,-0.7
2016/1/13,10.2,-1.6
2016/1/14,10.8,-2.9
2016/1/15,10.6,-3.2
2016/1/16,10.3,-2.5
2016/1/17,9.6,-3.6
2016/1/18,11.2,4.6
2016/1/19,6.5,-0.3
2016/1/20,7.5,-0.3
2016/1/21,7.8,-0.2
2016/1/22,9.3,0.0
2016/1/23,7.1,-2.0
2016/1/24,3.2,-3.3
2016/1/25,6.9,-3.8
2016/1/26,9.1,-5.5
2016/1/27,11.6,-0.3
2016/1/28,12.1,-2.7
2016/1/29,8.1,6.4
2016/1/30,10.6,3.9
2016/1/31,12.2,1.7
2016/2/1,8.9,1.0
2016/2/2,9.8,0.2
2016/2/3,7.2,-1.7
2016/2/4,10.5,-3.4
2016/2/5,11.8,-1.6
2016/2/6,10.5,-1.8
2016/2/7,9.1,-2.7
2016/2/8,11.2,-5.1
2016/2/9,11.8,1.0
2016/2/10,9.4,-1.4
2016/2/11,13.1,-3.8
2016/2/12,15.4,-1.5
2016/2/13,18.5,9.0
2016/2/14,21.8,11.4
2016/2/15,11.5,3.1
2016/2/16,8.4,0.0
2016/2/17,9.4,-1.1
2016/2/18,12.3,-3.3
2016/2/19,15.2,-0.3
2016/2/20,9.7,5.0
2016/2/21,10.8,2.2
2016/2/22,9.2,-0.3
2016/2/23,10.7,3.4
2016/2/24,8.8,0.8
2016/2/25,9.4,-1.9
2016/2/26,11.2,-2.3
2016/2/27,14.6,-1.6
2016/2/28,16.8,0.1
2016/2/29,10.6,1.2
2016/3/1,6.9,-1.6
2016/3/2,10.7,-3.0
2016/3/3,15.4,-2.0
2016/3/4,19.7,0.2
2016/3/5,21.3,7.8
2016/3/6,22.0,7.0
2016/3/7,20.4,9.6
2016/3/8,19.8,7.7
2016/3/9,12.0,6.2
2016/3/10,10.3,5.1
2016/3/11,11.7,0.4
2016/3/12,12.0,-1.3
2016/3/13,13.8,-0.7
2016/3/14,8.3,5.0
2016/3/15,11.9,0.8
2016/3/16,15.7,-0.8
2016/3/17,20.5,1.4
2016/3/18,20.4,4.1
2016/3/19,19.0,10.3
2016/3/20,15.6,8.2
2016/3/21,14.2,2.4
2016/3/22,17.9,-0.8
2016/3/23,21.0,2.5
2016/3/24,13.0,5.4
2016/3/25,12.4,0.7
2016/3/26,14.2,-1.5
2016/3/27,16.1,-0.8
2016/3/28,15.7,2.9
2016/3/29,18.5,0.6
2016/3/30,19.7,4.8
2016/3/31,22.9,6.1
2016/4/1,15.2,12.1
2016/4/2,21.9,10.8
2016/4/3,22.0,11.2
2016/4/4,20.5,11.1
2016/4/5,18.8,7.3
2016/4/6,23.1,5.6
2016/4/7,19.9,12.9
2016/4/8,19.9,9.6
2016/4/9,24.2,8.6
2016/4/10,22.1,10.4
2016/4/11,14.3,3.3
2016/4/12,19.8,0.9
2016/4/13,21.0,13.5
2016/4/14,25.2,14.0
2016/4/15,20.0,5.7
2016/4/16,26.5,3.7
2016/4/17,27.1,11.7
2016/4/18,19.3,8.8
2016/4/19,21.2,5.8
2016/4/20,23.7,4.5
2016/4/21,16.9,12.3
2016/4/22,23.4,13.4
2016/4/23,26.7,10.6
2016/4/24,23.7,12.7
2016/4/25,25.0,10.6
2016/4/26,28.6,11.1
2016/4/27,21.6,15.2
2016/4/28,18.9,12.5
2016/4/29,16.2,6.3
2016/4/30,22.6,4.1
2016/5/1,26.5,8.0
2016/5/2,30.3,9.8
2016/5/3,25.8,12.9
2016/5/4,25.2,14.6
2016/5/5,25.7,13.1
2016/5/6,20.4,12.4
2016/5/7,24.5,12.7
2016/5/8,26.4,9.3
2016/5/9,18.1,15.3
2016/5/10,20.6,15.7
2016/5/11,21.1,14.1
2016/5/12,26.7,10.2
2016/5/13,27.7,11.3
2016/5/14,28.2,13.0
2016/5/15,28.4,14.1
2016/5/16,27.6,13.6
2016/5/17,23.5,10.1
2016/5/18,28.7,8.3
2016/5/19,29.0,12.8
2016/5/20,29.1,15.1
2016/5/21,30.3,13.6
2016/5/22,29.7,13.3
2016/5/23,32.1,15.0
2016/5/24,31.6,14.7
2016/5/25,25.9,18.3
2016/5/26,30.2,21.2
2016/5/27,28.2,16.8
2016/5/28,23.4,16.1
2016/5/29,27.7,14.4
2016/5/30,24.5,17.6
2016/5/31,30.1,18.6
2016/6/1,25.7,16.3
2016/6/2,24.4,13.3
2016/6/3,27.9,9.7
2016/6/4,25.5,13.6
2016/6/5,23.8,15.8
2016/6/6,28.4,15.0
2016/6/7,23.4,17.4
2016/6/8,28.9,16.6
2016/6/9,27.4,19.7
2016/6/10,31.8,17.9
2016/6/11,31.1,19.0
2016/6/12,28.0,20.9
2016/6/13,25.2,20.1
2016/6/14,29.6,18.7
2016/6/15,31.2,19.7
2016/6/16,24.4,20.6
2016/6/17,28.0,19.7
2016/6/18,32.7,17.2
2016/6/19,23.2,20.1
2016/6/20,30.5,21.1
2016/6/21,30.7,21.3
2016/6/22,28.4,21.5
2016/6/23,29.1,19.1
2016/6/24,26.1,17.3
2016/6/25,27.4,18.6
2016/6/26,28.8,18.0
2016/6/27,30.5,17.5
2016/6/28,24.2,18.6
2016/6/29,26.8,20.6
2016/6/30,28.4,22.3
2016/7/1,33.1,21.2
2016/7/2,35.5,23.2
2016/7/3,34.9,23.9
2016/7/4,34.9,24.2
2016/7/5,36.9,23.5
2016/7/6,34.5,24.6
2016/7/7,34.2,23.7
2016/7/8,30.0,24.1
2016/7/9,26.1,21.7
2016/7/10,32.5,22.9
2016/7/11,35.1,24.6
2016/7/12,30.2,26.1
2016/7/13,30.2,25.8
2016/7/14,34.3,23.7
2016/7/15,27.5,21.9
2016/7/16,32.7,21.2
2016/7/17,33.1,24.8
2016/7/18,33.3,22.5
2016/7/19,33.7,20.4
2016/7/20,33.8,20.9
2016/7/21,33.1,20.4
2016/7/22,33.4,21.5
2016/7/23,32.3,21.7
2016/7/24,32.8,21.0
2016/7/25,31.0,22.9
2016/7/26,27.4,23.4
2016/7/27,33.9,23.2
2016/7/28,32.4,24.6
2016/7/29,34.6,22.7
2016/7/30,34.4,22.9
2016/7/31,35.6,23.1
2016/8/1,36.3,23.5
2016/8/2,34.9,22.9
2016/8/3,35.4,22.5
2016/8/4,36.6,23.3
2016/8/5,36.4,24.7
2016/8/6,37.8,25.0
2016/8/7,35.7,24.2
2016/8/8,37.5,23.5
2016/8/9,36.2,23.6
2016/8/10,35.4,21.4
2016/8/11,35.9,19.6
2016/8/12,37.2,21.2
2016/8/13,36.7,22.8
2016/8/14,36.7,24.6
2016/8/15,34.7,24.1
2016/8/16,34.8,24.0
2016/8/17,32.6,24.1
2016/8/18,35.2,24.3
2016/8/19,36.5,23.8
2016/8/20,35.8,24.8
2016/8/21,34.3,26.3
2016/8/22,36.1,25.6
2016/8/23,34.3,25.2
2016/8/24,33.8,23.9
2016/8/25,35.2,24.3
2016/8/26,36.1,22.7
2016/8/27,30.5,22.7
2016/8/28,30.3,21.0
2016/8/29,28.7,20.7
2016/8/30,27.5,19.0
2016/8/31,31.3,19.9
2016/9/1,32.5,18.7
2016/9/2,33.0,18.3
2016/9/3,32.6,20.9
2016/9/4,33.0,24.7
2016/9/5,31.9,23.9
2016/9/6,33.0,23.4
2016/9/7,34.5,23.4
2016/9/8,28.6,22.0
2016/9/9,30.3,19.2
2016/9/10,31.1,17.6
2016/9/11,32.5,20.3
2016/9/12,31.2,22.3
2016/9/13,26.4,23.6
2016/9/14,28.6,21.6
2016/9/15,27.9,20.3
2016/9/16,30.5,20.6
2016/9/17,32.1,22.9
2016/9/18,27.3,22.2
2016/9/19,25.7,20.7
2016/9/20,21.8,19.5
2016/9/21,25.7,20.0
2016/9/22,27.2,20.0
2016/9/23,26.4,19.3
2016/9/24,24.8,17.5
2016/9/25,30.8,19.7
2016/9/26,29.8,21.9
2016/9/27,31.2,20.2
2016/9/28,30.6,22.9
2016/9/29,25.3,19.0
2016/9/30,26.7,17.3
2016/10/1,27.4,20.3
2016/10/2,31.3,22.2
2016/10/3,27.0,19.8
2016/10/4,28.8,17.4
2016/10/5,27.1,16.6
2016/10/6,27.7,17.0
2016/10/7,26.6,13.0
2016/10/8,31.5,21.2
2016/10/9,25.1,14.4
2016/10/10,22.8,13.2
2016/10/11,20.8,12.0
2016/10/12,23.8,11.2
2016/10/13,21.1,11.2
2016/10/14,22.2,9.5
2016/10/15,24.8,7.4
2016/10/16,26.2,12.1
2016/10/17,26.2,16.9
2016/10/18,28.1,16.3
2016/10/19,27.2,14.9
2016/10/20,26.4,16.5
2016/10/21,21.6,12.1
2016/10/22,20.4,11.5
2016/10/23,20.8,11.0
2016/10/24,21.4,7.2
2016/10/25,19.2,7.0
2016/10/26,25.8,15.1
2016/10/27,21.9,10.0
2016/10/28,19.1,9.8
2016/10/29,20.5,7.9
2016/10/30,19.1,6.4
2016/10/31,18.8,6.1
2016/11/1,18.1,7.5
2016/11/2,18.1,4.2
2016/11/3,17.3,5.4
2016/11/4,18.9,5.2
2016/11/5,19.9,4.8
2016/11/6,14.7,5.1
2016/11/7,18.3,3.6
2016/11/8,14.7,6.8
2016/11/9,12.1,5.5
2016/11/10,13.2,4.1
2016/11/11,18.9,8.1
2016/11/12,18.9,5.8
2016/11/13,21.6,7.3
2016/11/14,16.6,11.5
2016/11/15,21.6,11.8
2016/11/16,15.4,5.9
2016/11/17,17.4,3.1
2016/11/18,19.1,2.0
2016/11/19,17.6,13.1
2016/11/20,20.4,11.8
2016/11/21,16.9,10.1
2016/11/22,20.5,10.2
2016/11/23,14.5,7.0
2016/11/24,13.8,3.5
2016/11/25,14.5,2.0
2016/11/26,16.8,1.9
2016/11/27,12.3,10.8
2016/11/28,13.6,6.1
2016/11/29,13.4,4.6
2016/11/30,12.6,3.8
2016/12/1,15.7,7.5
2016/12/2,14.4,3.1
2016/12/3,16.0,1.8
2016/12/4,14.9,2.8
2016/12/5,17.8,8.3
2016/12/6,13.0,2.4
2016/12/7,12.9,0.1
2016/12/8,13.1,3.2
2016/12/9,15.5,2.4
2016/12/10,10.9,-0.1
2016/12/11,10.8,-0.2
2016/12/12,9.4,-1.6
2016/12/13,9.7,5.9
2016/12/14,10.8,2.8
2016/12/15,9.0,-0.8
2016/12/16,7.6,-2.1
2016/12/17,12.7,-2.1
2016/12/18,13.3,-0.8
2016/12/19,14.7,0.3
2016/12/20,11.0,2.5
2016/12/21,13.6,1.7
2016/12/22,18.6,3.5
2016/12/23,14.9,7.2
2016/12/24,11.1,3.0
2016/12/25,12.3,1.7
2016/12/26,12.6,1.0
2016/12/27,11.6,4.9
2016/12/28,7.3,0.5
2016/12/29,8.8,-0.9
2016/12/30,9.0,-0.9
2016/12/31,11.5,-2.7
2017/1/1,12.8,-0.6
2017/1/2,12.7,-0.5
2017/1/3,13.4,1.3
2017/1/4,13.2,-1.4
2017/1/5,10.1,2.2
2017/1/6,10.3,-0.5
2017/1/7,10.7,-3.7
2017/1/8,6.5,2.6
2017/1/9,11.5,5.1
2017/1/10,13.4,4.7
2017/1/11,9.5,0.2
2017/1/12,9.3,0.9
2017/1/13,9.5,-0.1
2017/1/14,6.9,-1.6
2017/1/15,3.7,-2.7
2017/1/16,6.4,0.1
2017/1/17,8.8,-1.6
2017/1/18,10.4,-3.8
2017/1/19,10.0,-2.3
2017/1/20,9.0,-3.2
2017/1/21,8.1,-0.1
2017/1/22,6.6,-1.9
2017/1/23,4.7,-1.7
2017/1/24,6.2,-1.9
2017/1/25,7.5,-2.6
2017/1/26,9.4,-5.1
2017/1/27,13.4,-2.9
2017/1/28,12.4,-1.7
2017/1/29,11.1,-2.2
2017/1/30,11.7,3.6
2017/1/31,6.9,-0.5
2017/2/1,6.6,-2.7
2017/2/2,8.2,1.8
2017/2/3,11.4,-0.4
2017/2/4,12.7,-2.7
2017/2/5,7.4,1.5
2017/2/6,8.8,2.5
2017/2/7,7.8,1.0
2017/2/8,8.1,0.9
2017/2/9,3.4,0.8
2017/2/10,7.6,-0.2
2017/2/11,5.6,-0.7
2017/2/12,7.8,-2.1
2017/2/13,8.7,-2.3
2017/2/14,8.9,-2.1
2017/2/15,10.9,-1.5
2017/2/16,14.6,-3.7
2017/2/17,11.9,1.4
2017/2/18,11.6,2.1
2017/2/19,11.2,0.3
2017/2/20,13.4,2.8
2017/2/21,7.4,0.0
2017/2/22,10.2,-2.8
2017/2/23,15.0,5.3
2017/2/24,8.8,-1.0
2017/2/25,11.5,-2.3
2017/2/26,12.9,-1.1
2017/2/27,10.1,-1.3
2017/2/28,11.0,-3.0
2017/3/1,13.7,-2.6
2017/3/2,15.0,4.8
2017/3/3,11.4,0.3
2017/3/4,16.0,-1.0
2017/3/5,16.9,-0.8
2017/3/6,13.9,4.4
2017/3/7,10.4,-2.2
2017/3/8,9.7,-2.3
2017/3/9,11.1,-2.9
2017/3/10,12.3,0.4
2017/3/11,11.4,-2.1
2017/3/12,14.6,-2.1
2017/3/13,13.7,3.0
2017/3/14,13.2,4.2
2017/3/15,9.9,3.4
2017/3/16,12.6,1.2
2017/3/17,13.3,-1.8
2017/3/18,14.0,-1.4
2017/3/19,18.1,-1.0
2017/3/20,18.0,0.9
2017/3/21,10.8,7.1
2017/3/22,13.6,2.2
2017/3/23,14.1,2.1
2017/3/24,12.3,2.9
2017/3/25,12.7,-0.2
2017/3/26,13.0,1.7
2017/3/27,13.5,1.7
2017/3/28,15.4,-0.2
2017/3/29,16.4,2.2
2017/3/30,21.5,6.6
2017/3/31,11.2,4.4
2017/4/1,13.5,2.4
2017/4/2,17.4,0.3
2017/4/3,17.4,0.2
2017/4/4,21.1,3.9
2017/4/5,20.5,3.6
2017/4/6,22.0,7.3
2017/4/7,20.7,13.7
2017/4/8,20.6,15.9
2017/4/9,18.2,9.2
2017/4/10,15.6,4.3
2017/4/11,13.0,11.0
2017/4/12,15.2,4.5
2017/4/13,18.1,1.7
2017/4/14,23.8,4.4
2017/4/15,22.2,9.0
2017/4/16,25.9,8.1
2017/4/17,22.6,10.7
2017/4/18,21.6,10.5
2017/4/19,20.7,9.0
2017/4/20,19.3,5.7
2017/4/21,20.7,10.2
2017/4/22,20.3,8.3
2017/4/23,21.2,3.5
2017/4/24,24.1,4.5
2017/4/25,24.5,9.3
2017/4/26,16.2,13.1
2017/4/27,19.1,7.5
2017/4/28,21.5,4.1
2017/4/29,22.9,8.2
2017/4/30,26.6,6.5
2017/5/1,25.5,10.6
2017/5/2,24.0,5.5
2017/5/3,24.8,9.5
2017/5/4,24.9,9.0
2017/5/5,27.5,14.0
2017/5/6,24.3,13.6
2017/5/7,25.6,13.0
2017/5/8,27.4,8.8
2017/5/9,24.5,12.8
2017/5/10,23.8,14.4
2017/5/11,25.7,15.4
2017/5/12,28.1,13.0
2017/5/13,20.3,14.6
2017/5/14,27.5,14.4
2017/5/15,26.2,14.9
2017/5/16,21.5,10.6
2017/5/17,23.9,9.6
2017/5/18,26.6,8.7
2017/5/19,28.6,9.3
2017/5/20,30.7,11.4
2017/5/21,31.1,14.7
2017/5/22,30.7,15.0
2017/5/23,29.9,14.8
2017/5/24,24.0,17.5
2017/5/25,23.4,18.3
2017/5/26,28.9,16.7
2017/5/27,23.6,12.3
2017/5/28,26.3,11.4
2017/5/29,29.7,12.7
2017/5/30,32.1,16.0
2017/5/31,29.5,18.5
2017/6/1,29.1,15.3
2017/6/2,24.9,13.7
2017/6/3,24.8,10.9
2017/6/4,25.4,12.2
2017/6/5,27.6,10.0
2017/6/6,27.7,11.4
2017/6/7,20.9,17.4
2017/6/8,24.7,15.7
2017/6/9,29.7,14.1
2017/6/10,29.9,15.5
2017/6/11,25.6,15.2
2017/6/12,24.7,12.0
2017/6/13,25.7,11.1
2017/6/14,28.0,12.7
2017/6/15,30.2,13.2
2017/6/16,28.2,15.9
2017/6/17,29.6,12.8
2017/6/18,27.5,18.5
2017/6/19,32.5,16.4
2017/6/20,31.7,16.6
2017/6/21,24.3,18.7
2017/6/22,27.5,17.6
2017/6/23,32.8,17.5
2017/6/24,30.1,19.5
2017/6/25,24.5,20.9
2017/6/26,28.1,19.0
2017/6/27,29.6,19.8
2017/6/28,29.1,21.4
2017/6/29,28.7,21.2
2017/6/30,30.2,21.4
2017/7/1,32.2,23.5
2017/7/2,33.7,23.0
2017/7/3,33.5,22.8
2017/7/4,30.7,24.7
2017/7/5,26.9,22.2
2017/7/6,31.5,20.6
2017/7/7,32.2,22.7
2017/7/8,34.7,22.9
2017/7/9,29.9,22.7
2017/7/10,33.1,22.3
2017/7/11,34.5,23.1
2017/7/12,33.3,24.8
2017/7/13,34.8,24.1
2017/7/14,31.1,24.1
2017/7/15,35.2,24.0
2017/7/16,35.0,23.9
2017/7/17,33.1,23.8
2017/7/18,31.8,23.5
2017/7/19,34.3,24.0
2017/7/20,32.9,23.0
2017/7/21,34.0,24.6
2017/7/22,35.9,23.3
2017/7/23,32.3,25.0
2017/7/24,34.1,23.8
2017/7/25,31.9,25.7
2017/7/26,32.5,24.1
2017/7/27,33.7,24.6
2017/7/28,34.5,25.0
2017/7/29,33.8,25.6
2017/7/30,33.3,24.8
2017/7/31,36.2,25.5
2017/8/1,34.6,24.0
2017/8/2,33.7,22.7
2017/8/3,31.5,24.9
2017/8/4,32.7,25.7
2017/8/5,35.4,24.4
2017/8/6,36.6,24.2
2017/8/7,28.5,25.2
2017/8/8,30.8,24.4
2017/8/9,34.3,23.7
2017/8/10,35.2,26.0
2017/8/11,35.6,25.0
2017/8/12,32.0,22.0
2017/8/13,32.0,20.5
2017/8/14,31.4,20.9
2017/8/15,28.3,22.6
2017/8/16,32.4,23.8
2017/8/17,33.6,23.2
2017/8/18,33.7,23.3
2017/8/19,33.2,22.9
2017/8/20,34.6,22.2
2017/8/21,34.8,24.3
2017/8/22,33.8,25.0
2017/8/23,34.0,25.3
2017/8/24,34.9,24.5
2017/8/25,34.1,24.9
2017/8/26,30.1,20.8
2017/8/27,32.7,19.1
2017/8/28,32.2,22.0
2017/8/29,34.2,24.4
2017/8/30,31.6,22.0
2017/8/31,31.2,19.8
2017/9/1,30.7,16.5
2017/9/2,29.2,17.5
2017/9/3,29.8,17.1
2017/9/4,26.9,16.4
2017/9/5,28.5,16.2
2017/9/6,27.9,21.4
2017/9/7,29.0,22.8
2017/9/8,29.6,18.4
2017/9/9,31.3,16.4
2017/9/10,30.5,19.5
2017/9/11,28.7,20.3
2017/9/12,26.9,21.5
2017/9/13,30.0,19.1
2017/9/14,28.8,16.9
2017/9/15,26.6,15.1
2017/9/16,21.0,18.2
2017/9/17,26.3,20.4
2017/9/18,27.6,18.4
2017/9/19,28.6,16.1
2017/9/20,27.3,18.8
2017/9/21,27.6,15.4
2017/9/22,21.8,13.7
2017/9/23,26.7,19.0
2017/9/24,26.5,16.6
2017/9/25,29.6,14.6
2017/9/26,30.3,15.0
2017/9/27,27.5,18.5
2017/9/28,24.3,14.5
2017/9/29,25.5,12.2
2017/9/30,26.4,12.8
2017/10/1,26.4,10.4
2017/10/2,21.9,17.7
2017/10/3,26.4,15.9
2017/10/4,22.6,10.8
2017/10/5,23.4,10.9
2017/10/6,19.4,14.8
2017/10/7,23.5,17.0
2017/10/8,28.0,15.2
2017/10/9,28.2,17.0
2017/10/10,29.0,18.4
2017/10/11,29.6,16.8
2017/10/12,21.6,17.7
2017/10/13,18.4,16.5
2017/10/14,21.4,16.3
2017/10/15,18.4,15.5
2017/10/16,15.9,14.6
2017/10/17,16.0,11.7
2017/10/18,20.3,11.6
2017/10/19,16.0,12.5
2017/10/20,18.4,14.9
2017/10/21,17.5,16.0
2017/10/22,17.9,15.9
2017/10/23,17.8,11.4
2017/10/24,16.2,10.5
2017/10/25,19.8,10.1
2017/10/26,22.4,8.6
2017/10/27,23.3,8.9
2017/10/28,18.0,15.4
2017/10/29,18.2,15.4
2017/10/30,16.9,6.6
2017/10/31,18.1,5.2
2017/11/1,20.5,4.2
2017/11/2,21.8,5.2
2017/11/3,22.3,7.3
2017/11/4,20.4,10.2
2017/11/5,16.7,5.8
2017/11/6,20.6,3.8
2017/11/7,21.7,7.6
2017/11/8,17.0,14.1
2017/11/9,17.9,6.0
2017/11/10,18.8,3.3
2017/11/11,17.4,9.7
2017/11/12,15.5,4.4
2017/11/13,18.2,2.2
2017/11/14,12.5,7.8
2017/11/15,17.4,5.9
2017/11/16,12.9,3.6
2017/11/17,14.3,1.2
2017/11/18,11.5,7.1
2017/11/19,11.3,4.6
2017/11/20,10.0,3.5
2017/11/21,12.4,0.8
2017/11/22,13.5,-0.4
2017/11/23,14.5,5.0
2017/11/24,11.8,2.8
2017/11/25,12.7,1.5
2017/11/26,13.1,0.4
2017/11/27,15.7,4.4
2017/11/28,18.5,1.7
2017/11/29,13.8,7.1
2017/11/30,16.6,9.3
2017/12/1,13.1,2.3
2017/12/2,12.3,0.5
2017/12/3,14.8,1.5
2017/12/4,9.7,-0.2
2017/12/5,9.3,2.6
2017/12/6,10.6,-1.2
2017/12/7,11.9,-2.6
2017/12/8,8.9,-0.6
2017/12/9,10.7,-2.6
2017/12/10,13.4,-0.5
2017/12/11,12.6,2.2
2017/12/12,6.7,0.2
2017/12/13,8.1,0.3
2017/12/14,8.1,-0.7
2017/12/15,10.5,1.3
2017/12/16,10.9,2.3
2017/12/17,7.9,-1.4
2017/12/18,9.0,-4.5
2017/12/19,12.0,-1.7
2017/12/20,10.3,-3.6
2017/12/21,10.6,-3.1
2017/12/22,11.4,-3.8
2017/12/23,12.4,-2.8
2017/12/24,13.7,-0.9
2017/12/25,11.1,2.8
2017/12/26,9.2,1.9
2017/12/27,7.0,1.5
2017/12/28,8.7,1.6
2017/12/29,8.9,0.3
2017/12/30,10.4,0.0
2017/12/31,9.7,0.0
2018/1/1,10.5,0.3
2018/1/2,10.6,0.9
2018/1/3,6.8,-2.6
2018/1/4,8.0,-3.8
2018/1/5,4.4,-1.2
2018/1/6,8.8,-0.1
2018/1/7,9.0,-1.7
2018/1/8,8.5,0.0
2018/1/9,10.3,0.4
2018/1/10,6.7,-2.4
2018/1/11,4.1,-2.9
2018/1/12,5.6,-5.9
2018/1/13,6.6,-6.1
2018/1/14,5.1,-3.0
2018/1/15,11.4,-4.4
2018/1/16,14.8,-2.2
2018/1/17,12.9,6.6
2018/1/18,14.3,2.9
2018/1/19,11.2,0.8
2018/1/20,11.4,-0.8
2018/1/21,11.8,-1.9
2018/1/22,5.2,-0.4
2018/1/23,9.5,0.3
2018/1/24,3.7,-2.7
2018/1/25,3.6,-3.8
2018/1/26,5.1,-2.3
2018/1/27,5.6,-4.5
2018/1/28,4.4,-4.7
2018/1/29,9.0,-1.6
2018/1/30,6.9,-3.1
2018/1/31,6.7,-4.9
2018/2/1,3.5,0.4
2018/2/2,7.5,0.0
2018/2/3,9.0,-2.3
2018/2/4,6.1,-3.4
2018/2/5,5.4,-3.8
2018/2/6,5.3,-6.2
2018/2/7,6.2,-4.1
2018/2/8,7.4,-5.7
2018/2/9,9.9,-5.7
2018/2/10,6.6,-0.2
2018/2/11,7.4,-0.9
2018/2/12,6.2,-2.9
2018/2/13,6.4,-3.2
2018/2/14,10.1,-3.9
2018/2/15,12.5,1.1
2018/2/16,11.8,-1.9
2018/2/17,10.1,0.2
2018/2/18,8.2,-2.8
2018/2/19,9.1,-3.3
2018/2/20,13.1,-2.0
2018/2/21,9.5,-0.4
2018/2/22,10.0,-2.2
2018/2/23,11.7,-2.1
2018/2/24,13.5,-3.3
2018/2/25,10.6,-0.2
2018/2/26,14.9,0.6
2018/2/27,14.7,-2.1
2018/2/28,16.5,-0.7
2018/3/1,15.3,6.1
2018/3/2,12.5,1.9
2018/3/3,15.7,-1.4
2018/3/4,21.8,2.4
2018/3/5,14.9,7.3
2018/3/6,11.4,1.5
2018/3/7,11.7,-0.8
2018/3/8,13.7,8.0
2018/3/9,12.3,3.6
2018/3/10,10.7,-0.1
2018/3/11,14.2,-2.4
2018/3/12,15.7,-0.8
2018/3/13,20.2,0.7
2018/3/14,22.4,4.8
2018/3/15,22.8,5.1
2018/3/16,13.7,3.9
2018/3/17,13.5,0.0
2018/3/18,18.6,0.5
2018/3/19,15.8,10.6
2018/3/20,10.6,5.2
2018/3/21,11.1,5.1
2018/3/22,13.1,6.1
2018/3/23,14.6,1.8
2018/3/24,16.9,-0.7
2018/3/25,18.9,2.0
2018/3/26,21.8,3.7
2018/3/27,22.8,4.3
2018/3/28,24.3,5.7
2018/3/29,23.8,6.7
2018/3/30,18.0,3.3
2018/3/31,20.9,0.7
2018/4/1,22.8,6.4
2018/4/2,25.0,10.6
2018/4/3,26.0,9.8
2018/4/4,26.0,10.8
2018/4/5,20.5,10.0
2018/4/6,21.2,10.9
2018/4/7,14.4,6.2
2018/4/8,12.8,1.8
2018/4/9,16.8,1.6
2018/4/10,22.6,4.5
2018/4/11,23.3,12.6
2018/4/12,22.2,8.4
2018/4/13,18.6,5.9
2018/4/14,23.4,4.2
2018/4/15,17.9,10.0
2018/4/16,18.5,6.9
2018/4/17,18.7,8.7
2018/4/18,20.4,9.0
2018/4/19,24.3,6.7
2018/4/20,27.0,9.7
2018/4/21,28.2,8.0
2018/4/22,27.9,10.1
2018/4/23,26.0,11.4
2018/4/24,20.7,16.3
2018/4/25,18.3,12.7
2018/4/26,22.7,11.9
2018/4/27,23.6,11.0
2018/4/28,24.9,9.0
2018/4/29,27.3,9.1
2018/4/30,24.0,12.2
2018/5/1,28.9,11.3
2018/5/2,21.2,15.7
2018/5/3,22.5,12.0
2018/5/4,19.8,10.0
2018/5/5,24.0,11.0
2018/5/6,27.9,9.2
2018/5/7,17.8,14.8
2018/5/8,18.9,14.4
2018/5/9,20.0,11.9
2018/5/10,19.4,7.4
2018/5/11,24.7,5.9
2018/5/12,25.2,9.3
2018/5/13,18.6,14.8
2018/5/14,25.3,13.3
2018/5/15,29.8,11.4
2018/5/16,29.4,15.1
2018/5/17,29.6,18.1
2018/5/18,29.6,18.6
2018/5/19,22.2,11.5
2018/5/20,22.5,9.5
2018/5/21,27.0,12.2
2018/5/22,27.0,10.2
2018/5/23,20.6,15.6
2018/5/24,27.4,14.7
2018/5/25,30.8,13.3
2018/5/26,28.6,16.7
2018/5/27,29.3,14.2
2018/5/28,27.2,18.1
2018/5/29,27.8,18.2
2018/5/30,21.5,15.8
2018/5/31,21.6,15.6
2018/6/1,25.5,14.2
2018/6/2,29.4,12.1
2018/6/3,30.1,15.4
2018/6/4,30.6,16.2
2018/6/5,27.4,15.9
2018/6/6,20.9,17.8
2018/6/7,28.9,19.2
2018/6/8,25.1,21.5
2018/6/9,28.4,17.9
2018/6/10,24.4,16.5
2018/6/11,27.7,20.0
2018/6/12,25.6,18.5
2018/6/13,24.7,15.3
2018/6/14,26.7,13.3
2018/6/15,22.5,17.6
2018/6/16,26.3,15.1
2018/6/17,28.4,13.4
2018/6/18,25.7,20.2
2018/6/19,26.0,18.7
2018/6/20,23.5,20.0
2018/6/21,27.5,19.8
2018/6/22,30.7,17.5
2018/6/23,23.5,19.3
2018/6/24,29.5,19.1
2018/6/25,34.0,18.8
2018/6/26,33.1,19.8
2018/6/27,33.9,24.9
2018/6/28,32.6,24.5
2018/6/29,32.5,22.4
2018/6/30,35.0,22.3
2018/7/1,33.8,23.0
2018/7/2,33.9,23.7
2018/7/3,32.3,22.2
2018/7/4,29.9,25.3
2018/7/5,27.5,22.0
2018/7/6,24.7,21.9
2018/7/7,25.8,22.8
2018/7/8,32.9,22.4
2018/7/9,33.3,21.6
2018/7/10,34.4,22.8
2018/7/11,33.5,22.5
2018/7/12,32.5,24.3
2018/7/13,34.8,23.6
2018/7/14,37.0,23.3
2018/7/15,37.6,24.1
2018/7/16,37.9,24.6
2018/7/17,37.4,25.5
2018/7/18,37.4,25.3
2018/7/19,38.4,23.2
2018/7/20,38.1,27.2
2018/7/21,36.9,27.0
2018/7/22,37.3,24.2
2018/7/23,37.6,26.1
2018/7/24,37.4,24.7
2018/7/25,38.1,22.3
2018/7/26,37.6,26.9
2018/7/27,34.4,26.3
2018/7/28,33.6,25.1
2018/7/29,32.0,25.0
2018/7/30,31.9,24.8
2018/7/31,34.0,24.3
2018/8/1,36.4,23.6
2018/8/2,36.8,24.5
2018/8/3,37.4,24.0
2018/8/4,37.0,21.1
2018/8/5,38.3,22.3
2018/8/6,36.3,25.4
2018/8/7,33.7,23.5
2018/8/8,31.7,20.8
2018/8/9,32.1,24.5
2018/8/10,34.6,25.6
2018/8/11,36.9,23.8
2018/8/12,36.5,26.4
2018/8/13,38.0,25.3
2018/8/14,37.1,25.4
2018/8/15,32.8,26.2
2018/8/16,32.4,23.9
2018/8/17,29.4,17.5
2018/8/18,32.3,15.9
2018/8/19,30.5,19.2
2018/8/20,30.8,19.4
2018/8/21,33.9,25.7
2018/8/22,35.5,24.2
2018/8/23,32.1,25.0
2018/8/24,34.0,25.0
2018/8/25,34.9,25.6
2018/8/26,35.2,23.5
2018/8/27,35.0,24.0
2018/8/28,32.9,24.0
2018/8/29,35.7,24.3
2018/8/30,34.5,22.8
2018/8/31,34.5,23.4
2018/9/1,26.2,22.3
2018/9/2,30.7,21.0
2018/9/3,31.7,20.4
2018/9/4,29.5,24.2
2018/9/5,31.1,21.9
2018/9/6,29.2,20.9
2018/9/7,29.2,22.5
2018/9/8,24.3,20.9
2018/9/9,27.2,21.8
2018/9/10,26.7,18.7
2018/9/11,27.7,18.2
2018/9/12,23.3,20.8
2018/9/13,26.0,20.2
2018/9/14,24.8,21.2
2018/9/15,28.0,21.3
2018/9/16,31.5,22.3
2018/9/17,27.7,19.4
2018/9/18,28.7,18.1
2018/9/19,29.4,16.9
2018/9/20,20.3,18.1
2018/9/21,24.9,19.7
2018/9/22,27.9,18.1
2018/9/23,28.7,16.4
2018/9/24,28.5,17.4
2018/9/25,23.1,17.1
2018/9/26,23.0,14.9
2018/9/27,23.4,15.1
2018/9/28,27.1,13.3
2018/9/29,19.8,15.8
2018/9/30,26.1,18.2
2018/10/1,24.7,13.6
2018/10/2,25.1,12.3
2018/10/3,26.4,13.8
2018/10/4,21.0,14.7
2018/10/5,26.0,19.1
2018/10/6,30.2,22.3
2018/10/7,27.6,17.8
2018/10/8,27.6,14.4
2018/10/9,26.8,13.9
2018/10/10,23.0,16.0
2018/10/11,20.6,16.8
2018/10/12,21.1,11.1
2018/10/13,22.7,10.1
2018/10/14,23.7,14.9
2018/10/15,22.6,13.7
2018/10/16,22.2,12.5
2018/10/17,22.7,11.4
2018/10/18,24.2,10.3
2018/10/19,24.1,11.1
2018/10/20,21.5,8.2
2018/10/21,22.8,6.8
2018/10/22,23.7,8.0
2018/10/23,20.4,11.2
2018/10/24,23.0,10.4
2018/10/25,22.4,8.4
2018/10/26,25.0,6.8
2018/10/27,22.5,9.8
2018/10/28,20.5,6.7
2018/10/29,21.2,8.8
2018/10/30,20.6,9.0
2018/10/31,17.7,7.9
2018/11/1,18.0,6.4
2018/11/2,18.5,5.2
2018/11/3,20.4,6.5
2018/11/4,19.2,9.3
2018/11/5,22.7,9.7
2018/11/6,22.2,11.5
2018/11/7,21.9,10.3
2018/11/8,23.6,9.6
2018/11/9,21.5,15.7
2018/11/10,21.0,8.7
2018/11/11,20.1,6.4
2018/11/12,18.0,9.2
2018/11/13,18.2,10.4
2018/11/14,15.1,6.7
2018/11/15,17.6,4.6
2018/11/16,18.3,3.5
2018/11/17,19.5,6.7
2018/11/18,18.7,4.8
2018/11/19,14.3,5.3
2018/11/20,16.4,4.6
2018/11/21,16.1,2.6
2018/11/22,13.6,7.4
2018/11/23,11.9,2.5
2018/11/24,13.1,0.5
2018/11/25,16.7,1.1
2018/11/26,16.3,3.4
2018/11/27,19.3,5.9
2018/11/28,18.3,7.1
2018/11/29,16.6,4.5
2018/11/30,16.4,2.8
2018/12/1,16.9,5.4
2018/12/2,17.2,2.7
2018/12/3,16.8,10.4
2018/12/4,23.3,12.8
2018/12/5,19.1,6.6
2018/12/6,13.5,6.3
2018/12/7,15.2,6.9
2018/12/8,10.9,3.0
2018/12/9,8.4,1.2
2018/12/10,8.7,0.1
2018/12/11,11.5,-2.2
2018/12/12,12.1,1.7
2018/12/13,10.8,0.4
2018/12/14,9.8,3.1
2018/12/15,9.3,1.0
2018/12/16,9.6,-2.6
2018/12/17,14.7,6.5
2018/12/18,11.9,3.0
2018/12/19,12.5,-0.6
2018/12/20,12.9,3.7
2018/12/21,14.9,5.8
2018/12/22,13.7,6.5
2018/12/23,15.4,7.6
2018/12/24,11.9,0.2
2018/12/25,11.9,-1.9
2018/12/26,9.8,1.1
2018/12/27,12.0,3.5
2018/12/28,6.7,-1.7
2018/12/29,7.7,-3.1
2018/12/30,8.1,-2.6
2018/12/31,7.2,-1.2
2019/1/1,10.3,-2.5
2019/1/2,9.4,-0.9
2019/1/3,9.7,-2.7
2019/1/4,10.0,-3.1
2019/1/5,10.8,4.0
2019/1/6,8.3,1.1
2019/1/7,9.4,-1.8
2019/1/8,12.0,-2.5
2019/1/9,6.4,-2.1
2019/1/10,6.7,-4.7
2019/1/11,11.9,-0.6
2019/1/12,7.4,-1.2
2019/1/13,11.9,-1.4
2019/1/14,12.3,-2.6
2019/1/15,7.0,-3.1
2019/1/16,9.3,-1.2
2019/1/17,10.7,-1.8
2019/1/18,9.1,-0.5
2019/1/19,12.4,-2.9
2019/1/20,9.8,2.4
2019/1/21,9.2,1.7
2019/1/22,10.6,-0.2
2019/1/23,12.5,-2.8
2019/1/24,9.1,1.1
2019/1/25,10.0,-1.1
2019/1/26,6.7,0.0
2019/1/27,8.6,-1.0
2019/1/28,9.1,-2.1
2019/1/29,8.9,-1.2
2019/1/30,12.3,-2.9
2019/1/31,5.8,0.0
2019/2/1,7.9,-0.6
2019/2/2,11.4,-2.3
2019/2/3,10.2,-1.8
2019/2/4,14.5,1.8
2019/2/5,12.4,-0.3
2019/2/6,12.6,3.5
2019/2/7,13.1,2.4
2019/2/8,9.2,3.2
2019/2/9,7.2,0.2
2019/2/10,6.5,0.0
2019/2/11,5.2,0.9
2019/2/12,9.6,0.7
2019/2/13,11.3,1.0
2019/2/14,6.6,-1.3
2019/2/15,6.7,-3.3
2019/2/16,11.7,2.4
2019/2/17,9.4,-2.2
2019/2/18,11.8,-4.2
2019/2/19,10.6,4.6
2019/2/20,13.8,7.2
2019/2/21,8.8,4.0
2019/2/22,12.6,2.9
2019/2/23,13.0,0.2
2019/2/24,14.9,-1.7
2019/2/25,17.2,0.0
2019/2/26,14.5,0.8
2019/2/27,13.2,-1.8
2019/2/28,11.6,7.2
2019/3/1,14.7,2.8
2019/3/2,14.8,-0.4
2019/3/3,10.4,5.2
2019/3/4,11.0,7.3
2019/3/5,16.1,2.4
2019/3/6,16.6,5.8
2019/3/7,11.3,3.5
2019/3/8,11.4,0.0
2019/3/9,15.6,-2.3
2019/3/10,12.5,3.9
2019/3/11,15.5,3.9
2019/3/12,14.8,1.7
2019/3/13,12.8,1.3
2019/3/14,9.8,0.4
2019/3/15,15.2,-1.2
2019/3/16,11.1,2.2
2019/3/17,12.5,0.1
2019/3/18,14.7,-1.3
2019/3/19,14.2,5.4
2019/3/20,20.8,2.3
2019/3/21,21.3,10.5
2019/3/22,16.4,6.8
2019/3/23,11.8,0.9
2019/3/24,12.1,-0.2
2019/3/25,14.4,-0.7
2019/3/26,18.6,4.6
2019/3/27,19.1,2.4
2019/3/28,16.3,4.6
2019/3/29,17.9,4.1
2019/3/30,18.1,6.0
2019/3/31,14.3,6.3
2019/4/1,12.0,2.5
2019/4/2,11.7,0.3
2019/4/3,13.0,-0.8
2019/4/4,16.7,-1.2
2019/4/5,20.6,2.5
2019/4/6,21.5,4.1
2019/4/7,23.3,4.3
2019/4/8,20.1,9.2
2019/4/9,16.3,5.0
2019/4/10,10.1,6.3
2019/4/11,15.0,6.7
2019/4/12,16.8,4.5
2019/4/13,19.3,1.6
2019/4/14,15.4,8.6
2019/4/15,18.2,4.8
2019/4/16,22.2,2.7
2019/4/17,21.3,7.2
2019/4/18,24.2,7.9
2019/4/19,22.5,10.0
2019/4/20,24.1,4.0
2019/4/21,26.6,10.7
2019/4/22,26.6,10.8
2019/4/23,25.7,8.2
2019/4/24,23.7,17.1
2019/4/25,22.4,16.1
2019/4/26,23.0,11.8
2019/4/27,15.1,5.7
2019/4/28,17.5,2.5
2019/4/29,18.5,10.5
2019/4/30,20.0,11.3
2019/5/1,17.9,13.2
2019/5/2,23.4,11.1
2019/5/3,26.2,10.4
2019/5/4,27.2,8.0
2019/5/5,27.4,8.1
2019/5/6,25.7,11.5
2019/5/7,19.4,5.8
2019/5/8,23.9,3.1
2019/5/9,22.2,10.3
2019/5/10,27.8,9.1
2019/5/11,29.9,9.8
2019/5/12,29.9,8.8
2019/5/13,29.9,11.7
2019/5/14,24.6,15.2
2019/5/15,25.7,15.4
2019/5/16,27.7,12.4
2019/5/17,28.4,12.9
2019/5/18,24.0,17.7
2019/5/19,26.7,17.6
2019/5/20,25.6,19.0
2019/5/21,25.5,12.8
2019/5/22,27.5,9.4
2019/5/23,29.6,9.9
2019/5/24,31.0,12.2
2019/5/25,33.5,13.1
2019/5/26,32.1,16.5
2019/5/27,33.4,17.2
2019/5/28,22.7,17.0
2019/5/29,24.7,12.7
2019/5/30,29.0,9.6
2019/5/31,24.2,16.1
2019/6/1,28.0,16.2
2019/6/2,24.1,15.4
2019/6/3,30.8,16.9
2019/6/4,31.4,18.3
2019/6/5,31.1,21.4
2019/6/6,32.1,18.9
2019/6/7,22.7,18.6
2019/6/8,24.5,17.1
2019/6/9,26.1,15.6
2019/6/10,24.5,17.4
2019/6/11,27.0,16.6
2019/6/12,27.3,16.8
2019/6/13,30.6,15.0
2019/6/14,25.5,18.7
2019/6/15,24.2,17.8
2019/6/16,24.9,16.9
2019/6/17,26.5,16.4
2019/6/18,27.7,15.0
2019/6/19,30.0,17.0
2019/6/20,31.5,19.4
2019/6/21,31.7,19.7
2019/6/22,30.8,19.1
2019/6/23,26.4,18.7
2019/6/24,29.2,18.8
2019/6/25,31.6,16.6
2019/6/26,30.5,18.3
2019/6/27,27.0,22.5
2019/6/28,30.9,23.0
2019/6/29,31.7,23.9
2019/6/30,27.6,23.3
2019/7/1,28.7,22.2
2019/7/2,27.5,22.0
2019/7/3,27.6,21.8
2019/7/4,29.7,22.0
2019/7/5,27.5,20.0
2019/7/6,27.0,20.9
2019/7/7,29.5,21.2
2019/7/8,30.8,18.9
2019/7/9,26.4,22.1
2019/7/10,28.6,22.5
2019/7/11,24.3,20.3
2019/7/12,31.0,20.0
2019/7/13,26.9,20.7
2019/7/14,26.2,20.8
2019/7/15,28.1,21.6
2019/7/16,31.8,21.0
2019/7/17,32.9,23.0
2019/7/18,30.3,22.9
2019/7/19,27.2,22.2
2019/7/20,28.6,23.1
2019/7/21,31.4,23.4
2019/7/22,29.4,24.5
2019/7/23,33.3,24.2
2019/7/24,33.9,23.4
2019/7/25,34.8,23.8
2019/7/26,33.1,23.1
2019/7/27,27.5,23.8
2019/7/28,33.7,23.1
2019/7/29,35.7,23.6
2019/7/30,35.9,25.0
2019/7/31,36.3,24.6
2019/8/1,36.0,24.7
2019/8/2,37.7,25.2
2019/8/3,36.8,25.9
2019/8/4,35.8,24.6
2019/8/5,34.1,23.8
2019/8/6,34.1,26.2
2019/8/7,35.6,25.1
2019/8/8,36.9,25.3
2019/8/9,37.3,24.9
2019/8/10,38.6,24.0
2019/8/11,36.8,24.4
2019/8/12,32.9,25.4
2019/8/13,34.5,28.0
2019/8/14,33.2,26.4
2019/8/15,31.2,25.8
2019/8/16,33.7,25.7
2019/8/17,34.8,24.4
2019/8/18,35.2,23.4
2019/8/19,34.3,24.0
2019/8/20,31.6,23.7
2019/8/21,34.4,26.5
2019/8/22,35.5,25.2
2019/8/23,28.7,21.6
2019/8/24,30.7,22.6
2019/8/25,30.7,21.5
2019/8/26,32.0,19.5
2019/8/27,28.0,19.9
2019/8/28,27.7,22.8
2019/8/29,32.7,23.6
2019/8/30,27.7,20.8
2019/8/31,30.0,20.4
2019/9/1,29.9,21.3
2019/9/2,33.1,21.4
2019/9/3,34.3,23.0
2019/9/4,33.5,23.4
2019/9/5,32.5,22.9
2019/9/6,32.9,23.2
2019/9/7,32.8,22.9
2019/9/8,34.1,24.3
2019/9/9,35.7,24.1
2019/9/10,35.9,24.5
2019/9/11,34.6,24.3
2019/9/12,29.0,21.2
2019/9/13,25.5,20.2
2019/9/14,30.3,19.4
2019/9/15,32.1,19.6
2019/9/16,29.7,20.7
2019/9/17,31.0,19.6
2019/9/18,29.6,18.2
2019/9/19,26.5,14.6
2019/9/20,28.3,12.6
2019/9/21,22.7,17.3
2019/9/22,26.1,21.6
2019/9/23,32.0,20.6
2019/9/24,26.0,18.3
2019/9/25,28.6,15.3
2019/9/26,29.9,15.4
2019/9/27,27.9,21.7
2019/9/28,28.8,21.2
2019/9/29,31.5,20.7
2019/9/30,32.0,21.6
2019/10/1,32.7,19.7
2019/10/2,28.3,21.6
2019/10/3,29.5,19.5
2019/10/4,28.8,20.4
2019/10/5,27.1,17.8
2019/10/6,26.0,14.7
2019/10/7,27.0,12.7
2019/10/8,23.9,14.8
2019/10/9,23.8,11.5
2019/10/10,27.3,10.5
2019/10/11,27.5,19.7
2019/10/12,22.7,18.8
2019/10/13,22.0,14.3
2019/10/14,19.6,15.8
2019/10/15,21.7,10.7
2019/10/16,21.8,9.1
2019/10/17,22.1,10.1
2019/10/18,22.5,17.4
2019/10/19,24.4,17.7
2019/10/20,23.9,14.2
2019/10/21,21.2,13.5
2019/10/22,23.8,15.4
2019/10/23,24.7,13.3
2019/10/24,21.1,16.1
2019/10/25,18.6,15.4
2019/10/26,22.2,14.8
2019/10/27,23.7,13.4
2019/10/28,22.6,10.6
2019/10/29,17.3,12.7
2019/10/30,21.9,11.7
2019/10/31,22.2,10.5
2019/11/1,22.5,8.8
2019/11/2,20.5,7.6
2019/11/3,19.5,7.8
2019/11/4,18.8,6.7
2019/11/5,18.7,6.7
2019/11/6,19.7,4.0
2019/11/7,21.2,5.2
2019/11/8,18.4,6.1
2019/11/9,19.8,3.7
2019/11/10,18.6,7.2
2019/11/11,19.3,6.6
2019/11/12,20.0,8.5
2019/11/13,20.4,5.1
2019/11/14,16.8,5.9
2019/11/15,14.9,3.4
2019/11/16,18.0,2.3
2019/11/17,18.6,5.0
2019/11/18,22.2,5.5
2019/11/19,16.9,8.3
2019/11/20,13.3,4.4
2019/11/21,15.1,3.5
2019/11/22,14.2,3.0
2019/11/23,21.8,9.5
2019/11/24,19.5,7.5
2019/11/25,18.7,12.2
2019/11/26,15.7,9.9
2019/11/27,16.7,10.1
2019/11/28,11.3,4.7
2019/11/29,11.6,1.6
2019/11/30,11.8,0.7
2019/12/1,16.4,-1.0
2019/12/2,15.3,7.5
2019/12/3,12.4,2.7
2019/12/4,13.3,2.5
2019/12/5,12.2,0.6
2019/12/6,10.3,3.9
2019/12/7,9.5,2.6
2019/12/8,11.3,0.9
2019/12/9,14.1,-1.6
2019/12/10,15.2,0.6
2019/12/11,13.6,0.7
2019/12/12,12.1,2.9
2019/12/13,11.7,0.0
2019/12/14,14.5,-0.2
2019/12/15,12.4,0.4
2019/12/16,14.8,-1.7
2019/12/17,13.4,7.4
2019/12/18,14.6,5.6
2019/12/19,9.8,2.4
2019/12/20,13.0,3.6
2019/12/21,11.0,1.7
2019/12/22,8.4,2.0
2019/12/23,13.5,3.4
2019/12/24,12.6,1.0
2019/12/25,14.9,0.0
2019/12/26,11.2,6.4
2019/12/27,10.9,0.9
2019/12/28,10.0,-0.3
2019/12/29,11.7,-0.6
2019/12/30,10.5,7.0
2019/12/31,14.3,4.0
2020/1/1,10.1,0.4
2020/1/2,12.7,-0.7
2020/1/3,13.4,0.6
2020/1/4,12.7,1.1
2020/1/5,8.3,1.2
2020/1/6,10.2,-1.5
2020/1/7,7.7,1.5
2020/1/8,17.4,7.2
2020/1/9,13.4,4.8
2020/1/10,12.4,1.9
2020/1/11,12.5,0.4
2020/1/12,9.3,1.6
2020/1/13,12.2,2.9
2020/1/14,10.3,-1.8
2020/1/15,9.4,2.3
2020/1/16,9.5,-0.7
2020/1/17,9.1,1.5
2020/1/18,11.2,0.9
2020/1/19,10.9,-1.6
2020/1/20,12.7,0.5
2020/1/21,10.7,0.0
2020/1/22,10.3,-1.7
2020/1/23,10.8,6.0
2020/1/24,14.1,7.6
2020/1/25,10.9,3.5
2020/1/26,12.3,5.1
2020/1/27,9.9,5.6
2020/1/28,15.8,9.0
2020/1/29,14.4,4.0
2020/1/30,12.1,1.9
2020/1/31,9.0,3.3
2020/2/1,10.1,-1.2
2020/2/2,11.4,-1.3
2020/2/3,13.6,-0.5
2020/2/4,11.8,-1.4
2020/2/5,12.1,-2.0
2020/2/6,5.8,-2.0
2020/2/7,7.0,-3.1
2020/2/8,10.4,-1.8
2020/2/9,6.4,-2.3
2020/2/10,9.6,-3.7
2020/2/11,11.3,-1.8
2020/2/12,15.0,-1.5
2020/2/13,19.7,7.4
2020/2/14,13.0,5.0
2020/2/15,12.8,7.4
2020/2/16,15.4,9.0
2020/2/17,11.3,2.9
2020/2/18,9.0,1.6
2020/2/19,11.7,1.7
2020/2/20,13.8,-0.7
2020/2/21,15.3,-0.1
2020/2/22,10.9,1.3
2020/2/23,11.4,0.5
2020/2/24,14.2,-1.6
2020/2/25,11.8,1.2
2020/2/26,13.0,6.0
2020/2/27,9.7,2.4
2020/2/28,9.3,2.6
2020/2/29,9.0,4.8
2020/3/1,15.0,5.6
2020/3/2,17.0,6.4
2020/3/3,14.3,4.3
2020/3/4,9.8,5.7
2020/3/5,9.1,3.9
2020/3/6,12.7,0.4
2020/3/7,16.1,-0.9
2020/3/8,13.1,4.3
2020/3/9,19.9,1.9
2020/3/10,17.3,10.4
2020/3/11,15.2,7.3
2020/3/12,15.4,1.7
2020/3/13,17.5,1.7
2020/3/14,10.8,4.6
2020/3/15,12.5,2.3
2020/3/16,9.2,0.2
2020/3/17,14.1,-2.1
2020/3/18,18.4,2.9
2020/3/19,23.7,3.5
2020/3/20,16.1,4.7
2020/3/21,19.7,2.2
2020/3/22,20.8,4.5
2020/3/23,17.0,6.7
2020/3/24,14.1,2.6
2020/3/25,16.8,0.3
2020/3/26,22.2,1.6
2020/3/27,17.5,11.3
2020/3/28,15.4,8.0
2020/3/29,12.5,4.1
2020/3/30,12.4,5.1
2020/3/31,16.7,9.3
2020/4/1,16.6,10.4
2020/4/2,14.7,4.3
2020/4/3,17.8,2.4
2020/4/4,21.2,5.9
2020/4/5,13.5,7.3
2020/4/6,16.9,2.0
2020/4/7,18.9,1.8
2020/4/8,21.0,3.2
2020/4/9,19.0,4.9
2020/4/10,15.4,4.1
2020/4/11,16.0,1.5
2020/4/12,10.5,7.5
2020/4/13,12.4,8.4
2020/4/14,16.5,4.6
2020/4/15,20.0,2.2
2020/4/16,20.9,4.9
2020/4/17,21.2,4.1
2020/4/18,18.5,12.9
2020/4/19,18.5,12.0
2020/4/20,18.5,12.0
2020/4/21,20.4,8.1
2020/4/22,13.6,6.0
2020/4/23,15.1,3.8
2020/4/24,16.4,4.0
2020/4/25,20.9,1.9
2020/4/26,22.7,6.5
2020/4/27,20.9,10.4
2020/4/28,19.2,5.8
2020/4/29,23.1,3.7
2020/4/30,25.7,6.8
2020/5/1,26.1,10.6
2020/5/2,28.9,12.3
2020/5/3,23.5,13.3
2020/5/4,26.1,16.6
2020/5/5,28.4,16.3
2020/5/6,24.8,13.8
2020/5/7,23.3,8.9
2020/5/8,25.0,8.1
2020/5/9,22.6,11.4
2020/5/10,26.8,16.0
2020/5/11,28.2,16.1
2020/5/12,29.6,11.2
2020/5/13,25.9,9.6
2020/5/14,28.7,7.5
2020/5/15,25.4,10.0
2020/5/16,17.6,15.7
2020/5/17,25.9,16.5
2020/5/18,26.1,14.8
2020/5/19,27.3,15.5
2020/5/20,24.0,14.6
2020/5/21,23.3,13.9
2020/5/22,24.9,11.5
2020/5/23,28.7,17.2
2020/5/24,28.2,18.0
2020/5/25,28.4,19.8
2020/5/26,26.0,17.5
2020/5/27,27.4,17.2
2020/5/28,28.0,13.2
2020/5/29,28.8,11.7
2020/5/30,29.3,12.3
2020/5/31,21.9,17.2
2020/6/1,28.0,18.0
2020/6/2,30.2,19.5
2020/6/3,28.6,17.6
2020/6/4,33.3,17.2
2020/6/5,31.9,19.3
2020/6/6,28.3,20.1
2020/6/7,30.2,15.9
2020/6/8,32.6,13.4
2020/6/9,31.9,18.6
2020/6/10,29.6,20.4
2020/6/11,26.4,22.2
2020/6/12,28.7,23.0
2020/6/13,26.2,22.9
2020/6/14,31.0,23.5
2020/6/15,31.6,20.8
2020/6/16,30.9,18.9
2020/6/17,31.0,17.1
2020/6/18,23.0,18.2
2020/6/19,21.6,17.6
2020/6/20,26.3,17.2
2020/6/21,27.8,15.1
2020/6/22,27.9,21.4
2020/6/23,32.5,17.5
2020/6/24,32.1,19.9
2020/6/25,27.6,22.1
2020/6/26,33.3,23.1
2020/6/27,30.6,22.7
2020/6/28,28.2,19.8
2020/6/29,30.6,17.8
2020/6/30,25.7,20.8
2020/7/1,29.6,23.3
2020/7/2,28.0,20.5
2020/7/3,23.2,19.2
2020/7/4,27.5,20.0
2020/7/5,30.7,22.3
2020/7/6,25.7,23.1
2020/7/7,29.1,23.0
2020/7/8,28.7,21.7
2020/7/9,26.6,22.4
2020/7/10,28.1,22.8
2020/7/11,30.0,23.7
2020/7/12,27.9,20.5
2020/7/13,21.4,19.3
2020/7/14,26.7,20.5
2020/7/15,26.9,21.0
2020/7/16,29.3,19.8
2020/7/17,26.2,21.6
2020/7/18,31.8,22.6
2020/7/19,34.0,22.4
2020/7/20,34.9,23.2
2020/7/21,35.3,24.4
2020/7/22,32.7,24.1
2020/7/23,28.4,23.2
2020/7/24,29.6,22.7
2020/7/25,27.7,23.1
2020/7/26,27.3,22.3
2020/7/27,30.4,22.0
2020/7/28,30.7,24.0
2020/7/29,33.2,24.3
2020/7/30,31.8,24.4
2020/7/31,32.9,23.0
2020/8/1,33.6,21.2
2020/8/2,33.8,22.6
2020/8/3,34.0,23.5
2020/8/4,34.8,23.1
2020/8/5,35.4,23.3
2020/8/6,35.0,22.9
2020/8/7,34.2,24.0
2020/8/8,34.7,24.0
2020/8/9,35.5,24.6
2020/8/10,37.4,25.4
2020/8/11,36.8,26.5
2020/8/12,36.1,26.0
2020/8/13,35.2,24.6
2020/8/14,37.0,24.9
2020/8/15,37.4,25.1
2020/8/16,38.3,24.8
2020/8/17,38.0,24.3
2020/8/18,36.0,24.1
2020/8/19,38.1,22.3
2020/8/20,38.1,25.1
2020/8/21,38.7,25.9
2020/8/22,36.1,23.7
2020/8/23,34.6,22.8
2020/8/24,35.5,23.9
2020/8/25,36.0,23.7
2020/8/26,35.6,24.1
2020/8/27,33.6,23.5
2020/8/28,31.7,25.3
2020/8/29,36.3,25.2
2020/8/30,36.9,25.1
2020/8/31,37.3,23.6
2020/9/1,34.7,24.0
2020/9/2,33.0,26.2
2020/9/3,31.8,25.2
2020/9/4,31.8,24.7
2020/9/5,35.6,24.3
2020/9/6,32.1,23.7
2020/9/7,34.0,24.8
2020/9/8,34.1,21.7
2020/9/9,29.3,20.0
2020/9/10,29.8,21.7
2020/9/11,30.9,22.0
2020/9/14,27.8,18.6
2020/9/15,30.3,16.3
2020/9/16,30.6,19.5
2020/9/17,31.7,22.3
2020/9/18,32.5,21.9
2020/9/19,28.9,19.8
2020/9/20,26.6,18.0
2020/9/21,28.8,16.6
2020/9/22,28.3,14.4
2020/9/23,30.0,20.4
2020/9/24,29.1,20.2
2020/9/25,22.6,20.3
2020/9/26,25.5,18.5
2020/9/27,25.8,16.3
2020/9/28,26.8,14.8
2020/9/29,26.1,14.5
2020/9/30,26.3,14.2
2020/10/1,26.9,15.4
2020/10/2,28.1,12.8
2020/10/3,26.7,15.9
2020/10/4,27.5,19.3
2020/10/5,24.7,13.8
